{
  "Mobile Number -ORDS" : {
    "transaction" : "Mobile Number -ORDS",
    "sampleCount" : 50,
    "errorCount" : 31,
    "errorPct" : 62.0,
    "meanResTime" : 6317.84,
    "medianResTime" : 6474.0,
    "minResTime" : 3089.0,
    "maxResTime" : 8312.0,
    "pct1ResTime" : 7009.8,
    "pct2ResTime" : 8021.299999999999,
    "pct3ResTime" : 8312.0,
    "throughput" : 5.80585229911751,
    "receivedKBytesPerSec" : 64.2712385334417,
    "sentKBytesPerSec" : 1.9674128396423596
  },
  "Payment Info-AWS Cloud" : {
    "transaction" : "Payment Info-AWS Cloud",
    "sampleCount" : 50,
    "errorCount" : 0,
    "errorPct" : 0.0,
    "meanResTime" : 2206.8999999999996,
    "medianResTime" : 1696.5,
    "minResTime" : 951.0,
    "maxResTime" : 5665.0,
    "pct1ResTime" : 4894.0,
    "pct2ResTime" : 5421.65,
    "pct3ResTime" : 5665.0,
    "throughput" : 4.470272686633884,
    "receivedKBytesPerSec" : 5.3273950882878855,
    "sentKBytesPerSec" : 1.4100567165847115
  },
  "Total" : {
    "transaction" : "Total",
    "sampleCount" : 150,
    "errorCount" : 31,
    "errorPct" : 20.666666,
    "meanResTime" : 3833.3799999999997,
    "medianResTime" : 4265.0,
    "minResTime" : 695.0,
    "maxResTime" : 8312.0,
    "pct1ResTime" : 6818.900000000001,
    "pct2ResTime" : 6903.7,
    "pct3ResTime" : 8190.110000000002,
    "throughput" : 9.777082518576456,
    "receivedKBytesPerSec" : 42.92247435552731,
    "sentKBytesPerSec" : 3.1412696763785686
  },
  "Customer Info-AWS Cloud" : {
    "transaction" : "Customer Info-AWS Cloud",
    "sampleCount" : 50,
    "errorCount" : 0,
    "errorPct" : 0.0,
    "meanResTime" : 2975.4,
    "medianResTime" : 2346.0,
    "minResTime" : 695.0,
    "maxResTime" : 6544.0,
    "pct1ResTime" : 5376.9,
    "pct2ResTime" : 5844.849999999998,
    "pct3ResTime" : 6544.0,
    "throughput" : 4.86902327393125,
    "receivedKBytesPerSec" : 4.423583722855195,
    "sentKBytesPerSec" : 1.50730505648067
  }
}